lang,f1
AR,0.96947133
BG,0.96359551
CH,0.99009146
CR,0.94083187
CZ,0.97692308
FR,0.99903007
GE,0.99491238
JA,0.97430168
KO,0.98799314
PL,0.94912737
PO,0.91326531
RU,0.96628518
SP,0.94235854
SW,0.97356828
TA,0.99484004
TH,0.9970385
TU,0.97658863
VN,0.97777778
WU,0.99190502